keyword,location,priority,category
"golf cart dealer","Ocala FL",1,"golf-carts"
"golf cart sales","Ocala FL",1,"golf-carts"
"golf cart","Ocala FL",1,"golf-carts"
"golf carts","Ocala FL",1,"golf-carts"
"EZ-GO dealer","Ocala FL",1,"golf-carts"
"Club Car dealer","Ocala FL",1,"golf-carts"
"Yamaha golf cart","Ocala FL",1,"golf-carts"
"electric golf cart","Ocala FL",1,"golf-carts"
"used golf cart","Ocala FL",1,"golf-carts"
"golf cart repair","Ocala FL",1,"golf-carts"
"golf cart accessories","Ocala FL",1,"golf-carts"
"LSV dealer","Ocala FL",1,"golf-carts"
"low speed vehicle","Ocala FL",1,"golf-carts"
"golf cart dealer","The Villages FL",2,"golf-carts"
"golf cart sales","The Villages FL",2,"golf-carts"
"golf cart","The Villages FL",2,"golf-carts"
"golf carts","The Villages FL",2,"golf-carts"
"EZ-GO dealer","The Villages FL",2,"golf-carts"
"Club Car dealer","The Villages FL",2,"golf-carts"
"Yamaha golf cart","The Villages FL",2,"golf-carts"
"electric golf cart","The Villages FL",2,"golf-carts"
"used golf cart","The Villages FL",2,"golf-carts"
"golf cart repair","The Villages FL",2,"golf-carts"
"golf cart accessories","The Villages FL",2,"golf-carts"
"LSV dealer","The Villages FL",2,"golf-carts"
"low speed vehicle","The Villages FL",2,"golf-carts"
"car dealership","Ocala FL",3,"dealerships"
"used cars","Ocala FL",3,"dealerships"
"auto dealer","Ocala FL",3,"dealerships"
"truck dealer","Ocala FL",3,"dealerships"
"RV dealer","Ocala FL",3,"dealerships"
"boat dealer","Ocala FL",3,"dealerships"
"motorcycle dealer","Ocala FL",3,"dealerships"
"ATV dealer","Ocala FL",3,"dealerships"
"trailer dealer","Ocala FL",3,"dealerships"
"equipment dealer","Ocala FL",3,"dealerships"
"medical spa","Ocala FL",4,"services"
"medspa","Ocala FL",4,"services"
"botox","Ocala FL",4,"services"
"laser hair removal","Ocala FL",4,"services"
"aesthetics","Ocala FL",4,"services"
"IV therapy","Ocala FL",4,"services"
"weight loss clinic","Ocala FL",4,"services"
"hormone therapy","Ocala FL",4,"services"
"plastic surgery","Ocala FL",4,"services"
"cosmetic dentist","Ocala FL",4,"services"
"dermatologist","Ocala FL",4,"services"
"chiropractor","Ocala FL",4,"services"
"physical therapy","Ocala FL",4,"services"
"urgent care","Ocala FL",4,"services"
"veterinarian","Ocala FL",4,"services"
"hvac","Ocala FL",4,"services"
"air conditioning","Ocala FL",4,"services"
"plumber","Ocala FL",4,"services"
"electrician","Ocala FL",4,"services"
"roofing","Ocala FL",4,"services"
"pest control","Ocala FL",4,"services"
"pool service","Ocala FL",4,"services"
"landscaping","Ocala FL",4,"services"
"lawn care","Ocala FL",4,"services"
"tree service","Ocala FL",4,"services"
"pressure washing","Ocala FL",4,"services"
"garage door","Ocala FL",4,"services"
"fence","Ocala FL",4,"services"
"painting","Ocala FL",4,"services"
"flooring","Ocala FL",4,"services"
"remodeling","Ocala FL",4,"services"
"solar","Ocala FL",4,"services"
"attorney","Ocala FL",4,"services"
"lawyer","Ocala FL",4,"services"
"accountant","Ocala FL",4,"services"
"insurance agent","Ocala FL",4,"services"
"real estate agent","Ocala FL",4,"services"
"realtor","Ocala FL",4,"services"
"mortgage","Ocala FL",4,"services"
"financial advisor","Ocala FL",4,"services"
"restaurant","Ocala FL",4,"services"
"catering","Ocala FL",4,"services"
"gym","Ocala FL",4,"services"
"fitness","Ocala FL",4,"services"
"crossfit","Ocala FL",4,"services"
"martial arts","Ocala FL",4,"services"
"dance studio","Ocala FL",4,"services"
"salon","Ocala FL",4,"services"
"barber","Ocala FL",4,"services"
"spa","Ocala FL",4,"services"
"golf cart","Gainesville FL",5,"golf-carts"
"golf cart","Leesburg FL",5,"golf-carts"
"golf cart","Clermont FL",5,"golf-carts"
"golf cart","Orlando FL",5,"golf-carts"
"golf cart","Sanford FL",5,"golf-carts"
"golf cart","Deltona FL",5,"golf-carts"
"golf cart","Daytona Beach FL",5,"golf-carts"
"golf cart","Tampa FL",5,"golf-carts"
"golf cart","St Petersburg FL",5,"golf-carts"
"golf cart","Clearwater FL",5,"golf-carts"
"golf cart","Brandon FL",5,"golf-carts"
"golf cart","Lakeland FL",5,"golf-carts"
"golf cart","Plant City FL",5,"golf-carts"
"golf cart","Miami FL",5,"golf-carts"
"golf cart","Fort Lauderdale FL",5,"golf-carts"
"golf cart","West Palm Beach FL",5,"golf-carts"
"golf cart","Boca Raton FL",5,"golf-carts"
"golf cart","Pompano Beach FL",5,"golf-carts"
"golf cart","Hollywood FL FL",5,"golf-carts"
"golf cart","Sarasota FL",5,"golf-carts"
"golf cart","Bradenton FL",5,"golf-carts"
"golf cart","Naples FL",5,"golf-carts"
"golf cart","Fort Myers FL",5,"golf-carts"
"golf cart","Cape Coral FL",5,"golf-carts"
"golf cart","Port Charlotte FL",5,"golf-carts"
"golf cart","Jacksonville FL",5,"golf-carts"
"golf cart","St Augustine FL",5,"golf-carts"
"golf cart","Tallahassee FL",5,"golf-carts"
"golf cart","Pensacola FL",5,"golf-carts"
"golf cart","Panama City FL",5,"golf-carts"
"golf cart","Melbourne FL FL",5,"golf-carts"
"golf cart","Palm Bay FL",5,"golf-carts"
"golf cart","Titusville FL",5,"golf-carts"
"golf cart","Cocoa Beach FL",5,"golf-carts"
"medical spa","Ocala FL",6,"medspa"
"medspa","Ocala FL",6,"medspa"
"medical spa","The Villages FL",6,"medspa"
"medspa","The Villages FL",6,"medspa"
"medical spa","Gainesville FL",6,"medspa"
"medspa","Gainesville FL",6,"medspa"
"medical spa","Leesburg FL",6,"medspa"
"medspa","Leesburg FL",6,"medspa"
"medical spa","Clermont FL",6,"medspa"
"medspa","Clermont FL",6,"medspa"
"medical spa","Orlando FL",6,"medspa"
"medspa","Orlando FL",6,"medspa"
"medical spa","Sanford FL",6,"medspa"
"medspa","Sanford FL",6,"medspa"
"medical spa","Deltona FL",6,"medspa"
"medspa","Deltona FL",6,"medspa"
"medical spa","Daytona Beach FL",6,"medspa"
"medspa","Daytona Beach FL",6,"medspa"
"medical spa","Tampa FL",6,"medspa"
"medspa","Tampa FL",6,"medspa"
"medical spa","St Petersburg FL",6,"medspa"
"medspa","St Petersburg FL",6,"medspa"
"medical spa","Clearwater FL",6,"medspa"
"medspa","Clearwater FL",6,"medspa"
"medical spa","Brandon FL",6,"medspa"
"medspa","Brandon FL",6,"medspa"
"medical spa","Lakeland FL",6,"medspa"
"medspa","Lakeland FL",6,"medspa"
"medical spa","Plant City FL",6,"medspa"
"medspa","Plant City FL",6,"medspa"
"medical spa","Miami FL",6,"medspa"
"medspa","Miami FL",6,"medspa"
"medical spa","Fort Lauderdale FL",6,"medspa"
"medspa","Fort Lauderdale FL",6,"medspa"
"medical spa","West Palm Beach FL",6,"medspa"
"medspa","West Palm Beach FL",6,"medspa"
"medical spa","Boca Raton FL",6,"medspa"
"medspa","Boca Raton FL",6,"medspa"
"medical spa","Pompano Beach FL",6,"medspa"
"medspa","Pompano Beach FL",6,"medspa"
"medical spa","Hollywood FL FL",6,"medspa"
"medspa","Hollywood FL FL",6,"medspa"
"medical spa","Sarasota FL",6,"medspa"
"medspa","Sarasota FL",6,"medspa"
"medical spa","Bradenton FL",6,"medspa"
"medspa","Bradenton FL",6,"medspa"
"medical spa","Naples FL",6,"medspa"
"medspa","Naples FL",6,"medspa"
"medical spa","Fort Myers FL",6,"medspa"
"medspa","Fort Myers FL",6,"medspa"
"medical spa","Cape Coral FL",6,"medspa"
"medspa","Cape Coral FL",6,"medspa"
"medical spa","Port Charlotte FL",6,"medspa"
"medspa","Port Charlotte FL",6,"medspa"
"medical spa","Jacksonville FL",6,"medspa"
"medspa","Jacksonville FL",6,"medspa"
"medical spa","St Augustine FL",6,"medspa"
"medspa","St Augustine FL",6,"medspa"
"medical spa","Tallahassee FL",6,"medspa"
"medspa","Tallahassee FL",6,"medspa"
"medical spa","Pensacola FL",6,"medspa"
"medspa","Pensacola FL",6,"medspa"
"medical spa","Panama City FL",6,"medspa"
"medspa","Panama City FL",6,"medspa"
"medical spa","Melbourne FL FL",6,"medspa"
"medspa","Melbourne FL FL",6,"medspa"
"medical spa","Palm Bay FL",6,"medspa"
"medspa","Palm Bay FL",6,"medspa"
"medical spa","Titusville FL",6,"medspa"
"medspa","Titusville FL",6,"medspa"
"medical spa","Cocoa Beach FL",6,"medspa"
"medspa","Cocoa Beach FL",6,"medspa"
"hvac","Ocala FL",7,"hvac"
"air conditioning","Ocala FL",7,"hvac"
"hvac","The Villages FL",7,"hvac"
"air conditioning","The Villages FL",7,"hvac"
"hvac","Gainesville FL",7,"hvac"
"air conditioning","Gainesville FL",7,"hvac"
"hvac","Leesburg FL",7,"hvac"
"air conditioning","Leesburg FL",7,"hvac"
"hvac","Clermont FL",7,"hvac"
"air conditioning","Clermont FL",7,"hvac"
"hvac","Orlando FL",7,"hvac"
"air conditioning","Orlando FL",7,"hvac"
"hvac","Sanford FL",7,"hvac"
"air conditioning","Sanford FL",7,"hvac"
"hvac","Deltona FL",7,"hvac"
"air conditioning","Deltona FL",7,"hvac"
"hvac","Daytona Beach FL",7,"hvac"
"air conditioning","Daytona Beach FL",7,"hvac"
"hvac","Tampa FL",7,"hvac"
"air conditioning","Tampa FL",7,"hvac"
"hvac","St Petersburg FL",7,"hvac"
"air conditioning","St Petersburg FL",7,"hvac"
"hvac","Clearwater FL",7,"hvac"
"air conditioning","Clearwater FL",7,"hvac"
"hvac","Brandon FL",7,"hvac"
"air conditioning","Brandon FL",7,"hvac"
"hvac","Lakeland FL",7,"hvac"
"air conditioning","Lakeland FL",7,"hvac"
"hvac","Plant City FL",7,"hvac"
"air conditioning","Plant City FL",7,"hvac"
"hvac","Miami FL",7,"hvac"
"air conditioning","Miami FL",7,"hvac"
"hvac","Fort Lauderdale FL",7,"hvac"
"air conditioning","Fort Lauderdale FL",7,"hvac"
"hvac","West Palm Beach FL",7,"hvac"
"air conditioning","West Palm Beach FL",7,"hvac"
"hvac","Boca Raton FL",7,"hvac"
"air conditioning","Boca Raton FL",7,"hvac"
"hvac","Pompano Beach FL",7,"hvac"
"air conditioning","Pompano Beach FL",7,"hvac"
"hvac","Hollywood FL FL",7,"hvac"
"air conditioning","Hollywood FL FL",7,"hvac"
"hvac","Sarasota FL",7,"hvac"
"air conditioning","Sarasota FL",7,"hvac"
"hvac","Bradenton FL",7,"hvac"
"air conditioning","Bradenton FL",7,"hvac"
"hvac","Naples FL",7,"hvac"
"air conditioning","Naples FL",7,"hvac"
"hvac","Fort Myers FL",7,"hvac"
"air conditioning","Fort Myers FL",7,"hvac"
"hvac","Cape Coral FL",7,"hvac"
"air conditioning","Cape Coral FL",7,"hvac"
"hvac","Port Charlotte FL",7,"hvac"
"air conditioning","Port Charlotte FL",7,"hvac"
"hvac","Jacksonville FL",7,"hvac"
"air conditioning","Jacksonville FL",7,"hvac"
"hvac","St Augustine FL",7,"hvac"
"air conditioning","St Augustine FL",7,"hvac"
"hvac","Tallahassee FL",7,"hvac"
"air conditioning","Tallahassee FL",7,"hvac"
"hvac","Pensacola FL",7,"hvac"
"air conditioning","Pensacola FL",7,"hvac"
"hvac","Panama City FL",7,"hvac"
"air conditioning","Panama City FL",7,"hvac"
"hvac","Melbourne FL FL",7,"hvac"
"air conditioning","Melbourne FL FL",7,"hvac"
"hvac","Palm Bay FL",7,"hvac"
"air conditioning","Palm Bay FL",7,"hvac"
"hvac","Titusville FL",7,"hvac"
"air conditioning","Titusville FL",7,"hvac"
"hvac","Cocoa Beach FL",7,"hvac"
"air conditioning","Cocoa Beach FL",7,"hvac"
"medical spa","The Villages FL",8,"services"
"medspa","The Villages FL",8,"services"
"botox","The Villages FL",8,"services"
"laser hair removal","The Villages FL",8,"services"
"aesthetics","The Villages FL",8,"services"
"IV therapy","The Villages FL",8,"services"
"weight loss clinic","The Villages FL",8,"services"
"hormone therapy","The Villages FL",8,"services"
"plastic surgery","The Villages FL",8,"services"
"cosmetic dentist","The Villages FL",8,"services"
"dermatologist","The Villages FL",8,"services"
"chiropractor","The Villages FL",8,"services"
"physical therapy","The Villages FL",8,"services"
"urgent care","The Villages FL",8,"services"
"veterinarian","The Villages FL",8,"services"
"hvac","The Villages FL",8,"services"
"air conditioning","The Villages FL",8,"services"
"plumber","The Villages FL",8,"services"
"electrician","The Villages FL",8,"services"
"roofing","The Villages FL",8,"services"
"pest control","The Villages FL",8,"services"
"pool service","The Villages FL",8,"services"
"landscaping","The Villages FL",8,"services"
"lawn care","The Villages FL",8,"services"
"tree service","The Villages FL",8,"services"
"pressure washing","The Villages FL",8,"services"
"garage door","The Villages FL",8,"services"
"fence","The Villages FL",8,"services"
"painting","The Villages FL",8,"services"
"flooring","The Villages FL",8,"services"
"remodeling","The Villages FL",8,"services"
"solar","The Villages FL",8,"services"
"attorney","The Villages FL",8,"services"
"lawyer","The Villages FL",8,"services"
"accountant","The Villages FL",8,"services"
"insurance agent","The Villages FL",8,"services"
"real estate agent","The Villages FL",8,"services"
"realtor","The Villages FL",8,"services"
"mortgage","The Villages FL",8,"services"
"financial advisor","The Villages FL",8,"services"
"restaurant","The Villages FL",8,"services"
"catering","The Villages FL",8,"services"
"gym","The Villages FL",8,"services"
"fitness","The Villages FL",8,"services"
"crossfit","The Villages FL",8,"services"
"martial arts","The Villages FL",8,"services"
"dance studio","The Villages FL",8,"services"
"salon","The Villages FL",8,"services"
"barber","The Villages FL",8,"services"
"spa","The Villages FL",8,"services"
"medical spa","Gainesville FL",8,"services"
"medspa","Gainesville FL",8,"services"
"botox","Gainesville FL",8,"services"
"laser hair removal","Gainesville FL",8,"services"
"aesthetics","Gainesville FL",8,"services"
"IV therapy","Gainesville FL",8,"services"
"weight loss clinic","Gainesville FL",8,"services"
"hormone therapy","Gainesville FL",8,"services"
"plastic surgery","Gainesville FL",8,"services"
"cosmetic dentist","Gainesville FL",8,"services"
"dermatologist","Gainesville FL",8,"services"
"chiropractor","Gainesville FL",8,"services"
"physical therapy","Gainesville FL",8,"services"
"urgent care","Gainesville FL",8,"services"
"veterinarian","Gainesville FL",8,"services"
"hvac","Gainesville FL",8,"services"
"air conditioning","Gainesville FL",8,"services"
"plumber","Gainesville FL",8,"services"
"electrician","Gainesville FL",8,"services"
"roofing","Gainesville FL",8,"services"
"pest control","Gainesville FL",8,"services"
"pool service","Gainesville FL",8,"services"
"landscaping","Gainesville FL",8,"services"
"lawn care","Gainesville FL",8,"services"
"tree service","Gainesville FL",8,"services"
"pressure washing","Gainesville FL",8,"services"
"garage door","Gainesville FL",8,"services"
"fence","Gainesville FL",8,"services"
"painting","Gainesville FL",8,"services"
"flooring","Gainesville FL",8,"services"
"remodeling","Gainesville FL",8,"services"
"solar","Gainesville FL",8,"services"
"attorney","Gainesville FL",8,"services"
"lawyer","Gainesville FL",8,"services"
"accountant","Gainesville FL",8,"services"
"insurance agent","Gainesville FL",8,"services"
"real estate agent","Gainesville FL",8,"services"
"realtor","Gainesville FL",8,"services"
"mortgage","Gainesville FL",8,"services"
"financial advisor","Gainesville FL",8,"services"
"restaurant","Gainesville FL",8,"services"
"catering","Gainesville FL",8,"services"
"gym","Gainesville FL",8,"services"
"fitness","Gainesville FL",8,"services"
"crossfit","Gainesville FL",8,"services"
"martial arts","Gainesville FL",8,"services"
"dance studio","Gainesville FL",8,"services"
"salon","Gainesville FL",8,"services"
"barber","Gainesville FL",8,"services"
"spa","Gainesville FL",8,"services"
"medical spa","Leesburg FL",8,"services"
"medspa","Leesburg FL",8,"services"
"botox","Leesburg FL",8,"services"
"laser hair removal","Leesburg FL",8,"services"
"aesthetics","Leesburg FL",8,"services"
"IV therapy","Leesburg FL",8,"services"
"weight loss clinic","Leesburg FL",8,"services"
"hormone therapy","Leesburg FL",8,"services"
"plastic surgery","Leesburg FL",8,"services"
"cosmetic dentist","Leesburg FL",8,"services"
"dermatologist","Leesburg FL",8,"services"
"chiropractor","Leesburg FL",8,"services"
"physical therapy","Leesburg FL",8,"services"
"urgent care","Leesburg FL",8,"services"
"veterinarian","Leesburg FL",8,"services"
"hvac","Leesburg FL",8,"services"
"air conditioning","Leesburg FL",8,"services"
"plumber","Leesburg FL",8,"services"
"electrician","Leesburg FL",8,"services"
"roofing","Leesburg FL",8,"services"
"pest control","Leesburg FL",8,"services"
"pool service","Leesburg FL",8,"services"
"landscaping","Leesburg FL",8,"services"
"lawn care","Leesburg FL",8,"services"
"tree service","Leesburg FL",8,"services"
"pressure washing","Leesburg FL",8,"services"
"garage door","Leesburg FL",8,"services"
"fence","Leesburg FL",8,"services"
"painting","Leesburg FL",8,"services"
"flooring","Leesburg FL",8,"services"
"remodeling","Leesburg FL",8,"services"
"solar","Leesburg FL",8,"services"
"attorney","Leesburg FL",8,"services"
"lawyer","Leesburg FL",8,"services"
"accountant","Leesburg FL",8,"services"
"insurance agent","Leesburg FL",8,"services"
"real estate agent","Leesburg FL",8,"services"
"realtor","Leesburg FL",8,"services"
"mortgage","Leesburg FL",8,"services"
"financial advisor","Leesburg FL",8,"services"
"restaurant","Leesburg FL",8,"services"
"catering","Leesburg FL",8,"services"
"gym","Leesburg FL",8,"services"
"fitness","Leesburg FL",8,"services"
"crossfit","Leesburg FL",8,"services"
"martial arts","Leesburg FL",8,"services"
"dance studio","Leesburg FL",8,"services"
"salon","Leesburg FL",8,"services"
"barber","Leesburg FL",8,"services"
"spa","Leesburg FL",8,"services"
"medical spa","Clermont FL",8,"services"
"medspa","Clermont FL",8,"services"
"botox","Clermont FL",8,"services"
"laser hair removal","Clermont FL",8,"services"
"aesthetics","Clermont FL",8,"services"
"IV therapy","Clermont FL",8,"services"
"weight loss clinic","Clermont FL",8,"services"
"hormone therapy","Clermont FL",8,"services"
"plastic surgery","Clermont FL",8,"services"
"cosmetic dentist","Clermont FL",8,"services"
"dermatologist","Clermont FL",8,"services"
"chiropractor","Clermont FL",8,"services"
"physical therapy","Clermont FL",8,"services"
"urgent care","Clermont FL",8,"services"
"veterinarian","Clermont FL",8,"services"
"hvac","Clermont FL",8,"services"
"air conditioning","Clermont FL",8,"services"
"plumber","Clermont FL",8,"services"
"electrician","Clermont FL",8,"services"
"roofing","Clermont FL",8,"services"
"pest control","Clermont FL",8,"services"
"pool service","Clermont FL",8,"services"
"landscaping","Clermont FL",8,"services"
"lawn care","Clermont FL",8,"services"
"tree service","Clermont FL",8,"services"
"pressure washing","Clermont FL",8,"services"
"garage door","Clermont FL",8,"services"
"fence","Clermont FL",8,"services"
"painting","Clermont FL",8,"services"
"flooring","Clermont FL",8,"services"
"remodeling","Clermont FL",8,"services"
"solar","Clermont FL",8,"services"
"attorney","Clermont FL",8,"services"
"lawyer","Clermont FL",8,"services"
"accountant","Clermont FL",8,"services"
"insurance agent","Clermont FL",8,"services"
"real estate agent","Clermont FL",8,"services"
"realtor","Clermont FL",8,"services"
"mortgage","Clermont FL",8,"services"
"financial advisor","Clermont FL",8,"services"
"restaurant","Clermont FL",8,"services"
"catering","Clermont FL",8,"services"
"gym","Clermont FL",8,"services"
"fitness","Clermont FL",8,"services"
"crossfit","Clermont FL",8,"services"
"martial arts","Clermont FL",8,"services"
"dance studio","Clermont FL",8,"services"
"salon","Clermont FL",8,"services"
"barber","Clermont FL",8,"services"
"spa","Clermont FL",8,"services"
"medical spa","Orlando FL",8,"services"
"medspa","Orlando FL",8,"services"
"botox","Orlando FL",8,"services"
"laser hair removal","Orlando FL",8,"services"
"aesthetics","Orlando FL",8,"services"
"IV therapy","Orlando FL",8,"services"
"weight loss clinic","Orlando FL",8,"services"
"hormone therapy","Orlando FL",8,"services"
"plastic surgery","Orlando FL",8,"services"
"cosmetic dentist","Orlando FL",8,"services"
"dermatologist","Orlando FL",8,"services"
"chiropractor","Orlando FL",8,"services"
"physical therapy","Orlando FL",8,"services"
"urgent care","Orlando FL",8,"services"
"veterinarian","Orlando FL",8,"services"
"hvac","Orlando FL",8,"services"
"air conditioning","Orlando FL",8,"services"
"plumber","Orlando FL",8,"services"
"electrician","Orlando FL",8,"services"
"roofing","Orlando FL",8,"services"
"pest control","Orlando FL",8,"services"
"pool service","Orlando FL",8,"services"
"landscaping","Orlando FL",8,"services"
"lawn care","Orlando FL",8,"services"
"tree service","Orlando FL",8,"services"
"pressure washing","Orlando FL",8,"services"
"garage door","Orlando FL",8,"services"
"fence","Orlando FL",8,"services"
"painting","Orlando FL",8,"services"
"flooring","Orlando FL",8,"services"
"remodeling","Orlando FL",8,"services"
"solar","Orlando FL",8,"services"
"attorney","Orlando FL",8,"services"
"lawyer","Orlando FL",8,"services"
"accountant","Orlando FL",8,"services"
"insurance agent","Orlando FL",8,"services"
"real estate agent","Orlando FL",8,"services"
"realtor","Orlando FL",8,"services"
"mortgage","Orlando FL",8,"services"
"financial advisor","Orlando FL",8,"services"
"restaurant","Orlando FL",8,"services"
"catering","Orlando FL",8,"services"
"gym","Orlando FL",8,"services"
"fitness","Orlando FL",8,"services"
"crossfit","Orlando FL",8,"services"
"martial arts","Orlando FL",8,"services"
"dance studio","Orlando FL",8,"services"
"salon","Orlando FL",8,"services"
"barber","Orlando FL",8,"services"
"spa","Orlando FL",8,"services"
"medical spa","Sanford FL",8,"services"
"medspa","Sanford FL",8,"services"
"botox","Sanford FL",8,"services"
"laser hair removal","Sanford FL",8,"services"
"aesthetics","Sanford FL",8,"services"
"IV therapy","Sanford FL",8,"services"
"weight loss clinic","Sanford FL",8,"services"
"hormone therapy","Sanford FL",8,"services"
"plastic surgery","Sanford FL",8,"services"
"cosmetic dentist","Sanford FL",8,"services"
"dermatologist","Sanford FL",8,"services"
"chiropractor","Sanford FL",8,"services"
"physical therapy","Sanford FL",8,"services"
"urgent care","Sanford FL",8,"services"
"veterinarian","Sanford FL",8,"services"
"hvac","Sanford FL",8,"services"
"air conditioning","Sanford FL",8,"services"
"plumber","Sanford FL",8,"services"
"electrician","Sanford FL",8,"services"
"roofing","Sanford FL",8,"services"
"pest control","Sanford FL",8,"services"
"pool service","Sanford FL",8,"services"
"landscaping","Sanford FL",8,"services"
"lawn care","Sanford FL",8,"services"
"tree service","Sanford FL",8,"services"
"pressure washing","Sanford FL",8,"services"
"garage door","Sanford FL",8,"services"
"fence","Sanford FL",8,"services"
"painting","Sanford FL",8,"services"
"flooring","Sanford FL",8,"services"
"remodeling","Sanford FL",8,"services"
"solar","Sanford FL",8,"services"
"attorney","Sanford FL",8,"services"
"lawyer","Sanford FL",8,"services"
"accountant","Sanford FL",8,"services"
"insurance agent","Sanford FL",8,"services"
"real estate agent","Sanford FL",8,"services"
"realtor","Sanford FL",8,"services"
"mortgage","Sanford FL",8,"services"
"financial advisor","Sanford FL",8,"services"
"restaurant","Sanford FL",8,"services"
"catering","Sanford FL",8,"services"
"gym","Sanford FL",8,"services"
"fitness","Sanford FL",8,"services"
"crossfit","Sanford FL",8,"services"
"martial arts","Sanford FL",8,"services"
"dance studio","Sanford FL",8,"services"
"salon","Sanford FL",8,"services"
"barber","Sanford FL",8,"services"
"spa","Sanford FL",8,"services"
"medical spa","Deltona FL",8,"services"
"medspa","Deltona FL",8,"services"
"botox","Deltona FL",8,"services"
"laser hair removal","Deltona FL",8,"services"
"aesthetics","Deltona FL",8,"services"
"IV therapy","Deltona FL",8,"services"
"weight loss clinic","Deltona FL",8,"services"
"hormone therapy","Deltona FL",8,"services"
"plastic surgery","Deltona FL",8,"services"
"cosmetic dentist","Deltona FL",8,"services"
"dermatologist","Deltona FL",8,"services"
"chiropractor","Deltona FL",8,"services"
"physical therapy","Deltona FL",8,"services"
"urgent care","Deltona FL",8,"services"
"veterinarian","Deltona FL",8,"services"
"hvac","Deltona FL",8,"services"
"air conditioning","Deltona FL",8,"services"
"plumber","Deltona FL",8,"services"
"electrician","Deltona FL",8,"services"
"roofing","Deltona FL",8,"services"
"pest control","Deltona FL",8,"services"
"pool service","Deltona FL",8,"services"
"landscaping","Deltona FL",8,"services"
"lawn care","Deltona FL",8,"services"
"tree service","Deltona FL",8,"services"
"pressure washing","Deltona FL",8,"services"
"garage door","Deltona FL",8,"services"
"fence","Deltona FL",8,"services"
"painting","Deltona FL",8,"services"
"flooring","Deltona FL",8,"services"
"remodeling","Deltona FL",8,"services"
"solar","Deltona FL",8,"services"
"attorney","Deltona FL",8,"services"
"lawyer","Deltona FL",8,"services"
"accountant","Deltona FL",8,"services"
"insurance agent","Deltona FL",8,"services"
"real estate agent","Deltona FL",8,"services"
"realtor","Deltona FL",8,"services"
"mortgage","Deltona FL",8,"services"
"financial advisor","Deltona FL",8,"services"
"restaurant","Deltona FL",8,"services"
"catering","Deltona FL",8,"services"
"gym","Deltona FL",8,"services"
"fitness","Deltona FL",8,"services"
"crossfit","Deltona FL",8,"services"
"martial arts","Deltona FL",8,"services"
"dance studio","Deltona FL",8,"services"
"salon","Deltona FL",8,"services"
"barber","Deltona FL",8,"services"
"spa","Deltona FL",8,"services"
"medical spa","Daytona Beach FL",8,"services"
"medspa","Daytona Beach FL",8,"services"
"botox","Daytona Beach FL",8,"services"
"laser hair removal","Daytona Beach FL",8,"services"
"aesthetics","Daytona Beach FL",8,"services"
"IV therapy","Daytona Beach FL",8,"services"
"weight loss clinic","Daytona Beach FL",8,"services"
"hormone therapy","Daytona Beach FL",8,"services"
"plastic surgery","Daytona Beach FL",8,"services"
"cosmetic dentist","Daytona Beach FL",8,"services"
"dermatologist","Daytona Beach FL",8,"services"
"chiropractor","Daytona Beach FL",8,"services"
"physical therapy","Daytona Beach FL",8,"services"
"urgent care","Daytona Beach FL",8,"services"
"veterinarian","Daytona Beach FL",8,"services"
"hvac","Daytona Beach FL",8,"services"
"air conditioning","Daytona Beach FL",8,"services"
"plumber","Daytona Beach FL",8,"services"
"electrician","Daytona Beach FL",8,"services"
"roofing","Daytona Beach FL",8,"services"
"pest control","Daytona Beach FL",8,"services"
"pool service","Daytona Beach FL",8,"services"
"landscaping","Daytona Beach FL",8,"services"
"lawn care","Daytona Beach FL",8,"services"
"tree service","Daytona Beach FL",8,"services"
"pressure washing","Daytona Beach FL",8,"services"
"garage door","Daytona Beach FL",8,"services"
"fence","Daytona Beach FL",8,"services"
"painting","Daytona Beach FL",8,"services"
"flooring","Daytona Beach FL",8,"services"
"remodeling","Daytona Beach FL",8,"services"
"solar","Daytona Beach FL",8,"services"
"attorney","Daytona Beach FL",8,"services"
"lawyer","Daytona Beach FL",8,"services"
"accountant","Daytona Beach FL",8,"services"
"insurance agent","Daytona Beach FL",8,"services"
"real estate agent","Daytona Beach FL",8,"services"
"realtor","Daytona Beach FL",8,"services"
"mortgage","Daytona Beach FL",8,"services"
"financial advisor","Daytona Beach FL",8,"services"
"restaurant","Daytona Beach FL",8,"services"
"catering","Daytona Beach FL",8,"services"
"gym","Daytona Beach FL",8,"services"
"fitness","Daytona Beach FL",8,"services"
"crossfit","Daytona Beach FL",8,"services"
"martial arts","Daytona Beach FL",8,"services"
"dance studio","Daytona Beach FL",8,"services"
"salon","Daytona Beach FL",8,"services"
"barber","Daytona Beach FL",8,"services"
"spa","Daytona Beach FL",8,"services"
"medical spa","Tampa FL",8,"services"
"medspa","Tampa FL",8,"services"
"botox","Tampa FL",8,"services"
"laser hair removal","Tampa FL",8,"services"
"aesthetics","Tampa FL",8,"services"
"IV therapy","Tampa FL",8,"services"
"weight loss clinic","Tampa FL",8,"services"
"hormone therapy","Tampa FL",8,"services"
"plastic surgery","Tampa FL",8,"services"
"cosmetic dentist","Tampa FL",8,"services"
"dermatologist","Tampa FL",8,"services"
"chiropractor","Tampa FL",8,"services"
"physical therapy","Tampa FL",8,"services"
"urgent care","Tampa FL",8,"services"
"veterinarian","Tampa FL",8,"services"
"hvac","Tampa FL",8,"services"
"air conditioning","Tampa FL",8,"services"
"plumber","Tampa FL",8,"services"
"electrician","Tampa FL",8,"services"
"roofing","Tampa FL",8,"services"
"pest control","Tampa FL",8,"services"
"pool service","Tampa FL",8,"services"
"landscaping","Tampa FL",8,"services"
"lawn care","Tampa FL",8,"services"
"tree service","Tampa FL",8,"services"
"pressure washing","Tampa FL",8,"services"
"garage door","Tampa FL",8,"services"
"fence","Tampa FL",8,"services"
"painting","Tampa FL",8,"services"
"flooring","Tampa FL",8,"services"
"remodeling","Tampa FL",8,"services"
"solar","Tampa FL",8,"services"
"attorney","Tampa FL",8,"services"
"lawyer","Tampa FL",8,"services"
"accountant","Tampa FL",8,"services"
"insurance agent","Tampa FL",8,"services"
"real estate agent","Tampa FL",8,"services"
"realtor","Tampa FL",8,"services"
"mortgage","Tampa FL",8,"services"
"financial advisor","Tampa FL",8,"services"
"restaurant","Tampa FL",8,"services"
"catering","Tampa FL",8,"services"
"gym","Tampa FL",8,"services"
"fitness","Tampa FL",8,"services"
"crossfit","Tampa FL",8,"services"
"martial arts","Tampa FL",8,"services"
"dance studio","Tampa FL",8,"services"
"salon","Tampa FL",8,"services"
"barber","Tampa FL",8,"services"
"spa","Tampa FL",8,"services"
"medical spa","St Petersburg FL",8,"services"
"medspa","St Petersburg FL",8,"services"
"botox","St Petersburg FL",8,"services"
"laser hair removal","St Petersburg FL",8,"services"
"aesthetics","St Petersburg FL",8,"services"
"IV therapy","St Petersburg FL",8,"services"
"weight loss clinic","St Petersburg FL",8,"services"
"hormone therapy","St Petersburg FL",8,"services"
"plastic surgery","St Petersburg FL",8,"services"
"cosmetic dentist","St Petersburg FL",8,"services"
"dermatologist","St Petersburg FL",8,"services"
"chiropractor","St Petersburg FL",8,"services"
"physical therapy","St Petersburg FL",8,"services"
"urgent care","St Petersburg FL",8,"services"
"veterinarian","St Petersburg FL",8,"services"
"hvac","St Petersburg FL",8,"services"
"air conditioning","St Petersburg FL",8,"services"
"plumber","St Petersburg FL",8,"services"
"electrician","St Petersburg FL",8,"services"
"roofing","St Petersburg FL",8,"services"
"pest control","St Petersburg FL",8,"services"
"pool service","St Petersburg FL",8,"services"
"landscaping","St Petersburg FL",8,"services"
"lawn care","St Petersburg FL",8,"services"
"tree service","St Petersburg FL",8,"services"
"pressure washing","St Petersburg FL",8,"services"
"garage door","St Petersburg FL",8,"services"
"fence","St Petersburg FL",8,"services"
"painting","St Petersburg FL",8,"services"
"flooring","St Petersburg FL",8,"services"
"remodeling","St Petersburg FL",8,"services"
"solar","St Petersburg FL",8,"services"
"attorney","St Petersburg FL",8,"services"
"lawyer","St Petersburg FL",8,"services"
"accountant","St Petersburg FL",8,"services"
"insurance agent","St Petersburg FL",8,"services"
"real estate agent","St Petersburg FL",8,"services"
"realtor","St Petersburg FL",8,"services"
"mortgage","St Petersburg FL",8,"services"
"financial advisor","St Petersburg FL",8,"services"
"restaurant","St Petersburg FL",8,"services"
"catering","St Petersburg FL",8,"services"
"gym","St Petersburg FL",8,"services"
"fitness","St Petersburg FL",8,"services"
"crossfit","St Petersburg FL",8,"services"
"martial arts","St Petersburg FL",8,"services"
"dance studio","St Petersburg FL",8,"services"
"salon","St Petersburg FL",8,"services"
"barber","St Petersburg FL",8,"services"
"spa","St Petersburg FL",8,"services"
"medical spa","Clearwater FL",8,"services"
"medspa","Clearwater FL",8,"services"
"botox","Clearwater FL",8,"services"
"laser hair removal","Clearwater FL",8,"services"
"aesthetics","Clearwater FL",8,"services"
"IV therapy","Clearwater FL",8,"services"
"weight loss clinic","Clearwater FL",8,"services"
"hormone therapy","Clearwater FL",8,"services"
"plastic surgery","Clearwater FL",8,"services"
"cosmetic dentist","Clearwater FL",8,"services"
"dermatologist","Clearwater FL",8,"services"
"chiropractor","Clearwater FL",8,"services"
"physical therapy","Clearwater FL",8,"services"
"urgent care","Clearwater FL",8,"services"
"veterinarian","Clearwater FL",8,"services"
"hvac","Clearwater FL",8,"services"
"air conditioning","Clearwater FL",8,"services"
"plumber","Clearwater FL",8,"services"
"electrician","Clearwater FL",8,"services"
"roofing","Clearwater FL",8,"services"
"pest control","Clearwater FL",8,"services"
"pool service","Clearwater FL",8,"services"
"landscaping","Clearwater FL",8,"services"
"lawn care","Clearwater FL",8,"services"
"tree service","Clearwater FL",8,"services"
"pressure washing","Clearwater FL",8,"services"
"garage door","Clearwater FL",8,"services"
"fence","Clearwater FL",8,"services"
"painting","Clearwater FL",8,"services"
"flooring","Clearwater FL",8,"services"
"remodeling","Clearwater FL",8,"services"
"solar","Clearwater FL",8,"services"
"attorney","Clearwater FL",8,"services"
"lawyer","Clearwater FL",8,"services"
"accountant","Clearwater FL",8,"services"
"insurance agent","Clearwater FL",8,"services"
"real estate agent","Clearwater FL",8,"services"
"realtor","Clearwater FL",8,"services"
"mortgage","Clearwater FL",8,"services"
"financial advisor","Clearwater FL",8,"services"
"restaurant","Clearwater FL",8,"services"
"catering","Clearwater FL",8,"services"
"gym","Clearwater FL",8,"services"
"fitness","Clearwater FL",8,"services"
"crossfit","Clearwater FL",8,"services"
"martial arts","Clearwater FL",8,"services"
"dance studio","Clearwater FL",8,"services"
"salon","Clearwater FL",8,"services"
"barber","Clearwater FL",8,"services"
"spa","Clearwater FL",8,"services"
"medical spa","Brandon FL",8,"services"
"medspa","Brandon FL",8,"services"
"botox","Brandon FL",8,"services"
"laser hair removal","Brandon FL",8,"services"
"aesthetics","Brandon FL",8,"services"
"IV therapy","Brandon FL",8,"services"
"weight loss clinic","Brandon FL",8,"services"
"hormone therapy","Brandon FL",8,"services"
"plastic surgery","Brandon FL",8,"services"
"cosmetic dentist","Brandon FL",8,"services"
"dermatologist","Brandon FL",8,"services"
"chiropractor","Brandon FL",8,"services"
"physical therapy","Brandon FL",8,"services"
"urgent care","Brandon FL",8,"services"
"veterinarian","Brandon FL",8,"services"
"hvac","Brandon FL",8,"services"
"air conditioning","Brandon FL",8,"services"
"plumber","Brandon FL",8,"services"
"electrician","Brandon FL",8,"services"
"roofing","Brandon FL",8,"services"
"pest control","Brandon FL",8,"services"
"pool service","Brandon FL",8,"services"
"landscaping","Brandon FL",8,"services"
"lawn care","Brandon FL",8,"services"
"tree service","Brandon FL",8,"services"
"pressure washing","Brandon FL",8,"services"
"garage door","Brandon FL",8,"services"
"fence","Brandon FL",8,"services"
"painting","Brandon FL",8,"services"
"flooring","Brandon FL",8,"services"
"remodeling","Brandon FL",8,"services"
"solar","Brandon FL",8,"services"
"attorney","Brandon FL",8,"services"
"lawyer","Brandon FL",8,"services"
"accountant","Brandon FL",8,"services"
"insurance agent","Brandon FL",8,"services"
"real estate agent","Brandon FL",8,"services"
"realtor","Brandon FL",8,"services"
"mortgage","Brandon FL",8,"services"
"financial advisor","Brandon FL",8,"services"
"restaurant","Brandon FL",8,"services"
"catering","Brandon FL",8,"services"
"gym","Brandon FL",8,"services"
"fitness","Brandon FL",8,"services"
"crossfit","Brandon FL",8,"services"
"martial arts","Brandon FL",8,"services"
"dance studio","Brandon FL",8,"services"
"salon","Brandon FL",8,"services"
"barber","Brandon FL",8,"services"
"spa","Brandon FL",8,"services"
"medical spa","Lakeland FL",8,"services"
"medspa","Lakeland FL",8,"services"
"botox","Lakeland FL",8,"services"
"laser hair removal","Lakeland FL",8,"services"
"aesthetics","Lakeland FL",8,"services"
"IV therapy","Lakeland FL",8,"services"
"weight loss clinic","Lakeland FL",8,"services"
"hormone therapy","Lakeland FL",8,"services"
"plastic surgery","Lakeland FL",8,"services"
"cosmetic dentist","Lakeland FL",8,"services"
"dermatologist","Lakeland FL",8,"services"
"chiropractor","Lakeland FL",8,"services"
"physical therapy","Lakeland FL",8,"services"
"urgent care","Lakeland FL",8,"services"
"veterinarian","Lakeland FL",8,"services"
"hvac","Lakeland FL",8,"services"
"air conditioning","Lakeland FL",8,"services"
"plumber","Lakeland FL",8,"services"
"electrician","Lakeland FL",8,"services"
"roofing","Lakeland FL",8,"services"
"pest control","Lakeland FL",8,"services"
"pool service","Lakeland FL",8,"services"
"landscaping","Lakeland FL",8,"services"
"lawn care","Lakeland FL",8,"services"
"tree service","Lakeland FL",8,"services"
"pressure washing","Lakeland FL",8,"services"
"garage door","Lakeland FL",8,"services"
"fence","Lakeland FL",8,"services"
"painting","Lakeland FL",8,"services"
"flooring","Lakeland FL",8,"services"
"remodeling","Lakeland FL",8,"services"
"solar","Lakeland FL",8,"services"
"attorney","Lakeland FL",8,"services"
"lawyer","Lakeland FL",8,"services"
"accountant","Lakeland FL",8,"services"
"insurance agent","Lakeland FL",8,"services"
"real estate agent","Lakeland FL",8,"services"
"realtor","Lakeland FL",8,"services"
"mortgage","Lakeland FL",8,"services"
"financial advisor","Lakeland FL",8,"services"
"restaurant","Lakeland FL",8,"services"
"catering","Lakeland FL",8,"services"
"gym","Lakeland FL",8,"services"
"fitness","Lakeland FL",8,"services"
"crossfit","Lakeland FL",8,"services"
"martial arts","Lakeland FL",8,"services"
"dance studio","Lakeland FL",8,"services"
"salon","Lakeland FL",8,"services"
"barber","Lakeland FL",8,"services"
"spa","Lakeland FL",8,"services"
"medical spa","Plant City FL",8,"services"
"medspa","Plant City FL",8,"services"
"botox","Plant City FL",8,"services"
"laser hair removal","Plant City FL",8,"services"
"aesthetics","Plant City FL",8,"services"
"IV therapy","Plant City FL",8,"services"
"weight loss clinic","Plant City FL",8,"services"
"hormone therapy","Plant City FL",8,"services"
"plastic surgery","Plant City FL",8,"services"
"cosmetic dentist","Plant City FL",8,"services"
"dermatologist","Plant City FL",8,"services"
"chiropractor","Plant City FL",8,"services"
"physical therapy","Plant City FL",8,"services"
"urgent care","Plant City FL",8,"services"
"veterinarian","Plant City FL",8,"services"
"hvac","Plant City FL",8,"services"
"air conditioning","Plant City FL",8,"services"
"plumber","Plant City FL",8,"services"
"electrician","Plant City FL",8,"services"
"roofing","Plant City FL",8,"services"
"pest control","Plant City FL",8,"services"
"pool service","Plant City FL",8,"services"
"landscaping","Plant City FL",8,"services"
"lawn care","Plant City FL",8,"services"
"tree service","Plant City FL",8,"services"
"pressure washing","Plant City FL",8,"services"
"garage door","Plant City FL",8,"services"
"fence","Plant City FL",8,"services"
"painting","Plant City FL",8,"services"
"flooring","Plant City FL",8,"services"
"remodeling","Plant City FL",8,"services"
"solar","Plant City FL",8,"services"
"attorney","Plant City FL",8,"services"
"lawyer","Plant City FL",8,"services"
"accountant","Plant City FL",8,"services"
"insurance agent","Plant City FL",8,"services"
"real estate agent","Plant City FL",8,"services"
"realtor","Plant City FL",8,"services"
"mortgage","Plant City FL",8,"services"
"financial advisor","Plant City FL",8,"services"
"restaurant","Plant City FL",8,"services"
"catering","Plant City FL",8,"services"
"gym","Plant City FL",8,"services"
"fitness","Plant City FL",8,"services"
"crossfit","Plant City FL",8,"services"
"martial arts","Plant City FL",8,"services"
"dance studio","Plant City FL",8,"services"
"salon","Plant City FL",8,"services"
"barber","Plant City FL",8,"services"
"spa","Plant City FL",8,"services"
"medical spa","Miami FL",8,"services"
"medspa","Miami FL",8,"services"
"botox","Miami FL",8,"services"
"laser hair removal","Miami FL",8,"services"
"aesthetics","Miami FL",8,"services"
"IV therapy","Miami FL",8,"services"
"weight loss clinic","Miami FL",8,"services"
"hormone therapy","Miami FL",8,"services"
"plastic surgery","Miami FL",8,"services"
"cosmetic dentist","Miami FL",8,"services"
"dermatologist","Miami FL",8,"services"
"chiropractor","Miami FL",8,"services"
"physical therapy","Miami FL",8,"services"
"urgent care","Miami FL",8,"services"
"veterinarian","Miami FL",8,"services"
"hvac","Miami FL",8,"services"
"air conditioning","Miami FL",8,"services"
"plumber","Miami FL",8,"services"
"electrician","Miami FL",8,"services"
"roofing","Miami FL",8,"services"
"pest control","Miami FL",8,"services"
"pool service","Miami FL",8,"services"
"landscaping","Miami FL",8,"services"
"lawn care","Miami FL",8,"services"
"tree service","Miami FL",8,"services"
"pressure washing","Miami FL",8,"services"
"garage door","Miami FL",8,"services"
"fence","Miami FL",8,"services"
"painting","Miami FL",8,"services"
"flooring","Miami FL",8,"services"
"remodeling","Miami FL",8,"services"
"solar","Miami FL",8,"services"
"attorney","Miami FL",8,"services"
"lawyer","Miami FL",8,"services"
"accountant","Miami FL",8,"services"
"insurance agent","Miami FL",8,"services"
"real estate agent","Miami FL",8,"services"
"realtor","Miami FL",8,"services"
"mortgage","Miami FL",8,"services"
"financial advisor","Miami FL",8,"services"
"restaurant","Miami FL",8,"services"
"catering","Miami FL",8,"services"
"gym","Miami FL",8,"services"
"fitness","Miami FL",8,"services"
"crossfit","Miami FL",8,"services"
"martial arts","Miami FL",8,"services"
"dance studio","Miami FL",8,"services"
"salon","Miami FL",8,"services"
"barber","Miami FL",8,"services"
"spa","Miami FL",8,"services"
"medical spa","Fort Lauderdale FL",8,"services"
"medspa","Fort Lauderdale FL",8,"services"
"botox","Fort Lauderdale FL",8,"services"
"laser hair removal","Fort Lauderdale FL",8,"services"
"aesthetics","Fort Lauderdale FL",8,"services"
"IV therapy","Fort Lauderdale FL",8,"services"
"weight loss clinic","Fort Lauderdale FL",8,"services"
"hormone therapy","Fort Lauderdale FL",8,"services"
"plastic surgery","Fort Lauderdale FL",8,"services"
"cosmetic dentist","Fort Lauderdale FL",8,"services"
"dermatologist","Fort Lauderdale FL",8,"services"
"chiropractor","Fort Lauderdale FL",8,"services"
"physical therapy","Fort Lauderdale FL",8,"services"
"urgent care","Fort Lauderdale FL",8,"services"
"veterinarian","Fort Lauderdale FL",8,"services"
"hvac","Fort Lauderdale FL",8,"services"
"air conditioning","Fort Lauderdale FL",8,"services"
"plumber","Fort Lauderdale FL",8,"services"
"electrician","Fort Lauderdale FL",8,"services"
"roofing","Fort Lauderdale FL",8,"services"
"pest control","Fort Lauderdale FL",8,"services"
"pool service","Fort Lauderdale FL",8,"services"
"landscaping","Fort Lauderdale FL",8,"services"
"lawn care","Fort Lauderdale FL",8,"services"
"tree service","Fort Lauderdale FL",8,"services"
"pressure washing","Fort Lauderdale FL",8,"services"
"garage door","Fort Lauderdale FL",8,"services"
"fence","Fort Lauderdale FL",8,"services"
"painting","Fort Lauderdale FL",8,"services"
"flooring","Fort Lauderdale FL",8,"services"
"remodeling","Fort Lauderdale FL",8,"services"
"solar","Fort Lauderdale FL",8,"services"
"attorney","Fort Lauderdale FL",8,"services"
"lawyer","Fort Lauderdale FL",8,"services"
"accountant","Fort Lauderdale FL",8,"services"
"insurance agent","Fort Lauderdale FL",8,"services"
"real estate agent","Fort Lauderdale FL",8,"services"
"realtor","Fort Lauderdale FL",8,"services"
"mortgage","Fort Lauderdale FL",8,"services"
"financial advisor","Fort Lauderdale FL",8,"services"
"restaurant","Fort Lauderdale FL",8,"services"
"catering","Fort Lauderdale FL",8,"services"
"gym","Fort Lauderdale FL",8,"services"
"fitness","Fort Lauderdale FL",8,"services"
"crossfit","Fort Lauderdale FL",8,"services"
"martial arts","Fort Lauderdale FL",8,"services"
"dance studio","Fort Lauderdale FL",8,"services"
"salon","Fort Lauderdale FL",8,"services"
"barber","Fort Lauderdale FL",8,"services"
"spa","Fort Lauderdale FL",8,"services"
"medical spa","West Palm Beach FL",8,"services"
"medspa","West Palm Beach FL",8,"services"
"botox","West Palm Beach FL",8,"services"
"laser hair removal","West Palm Beach FL",8,"services"
"aesthetics","West Palm Beach FL",8,"services"
"IV therapy","West Palm Beach FL",8,"services"
"weight loss clinic","West Palm Beach FL",8,"services"
"hormone therapy","West Palm Beach FL",8,"services"
"plastic surgery","West Palm Beach FL",8,"services"
"cosmetic dentist","West Palm Beach FL",8,"services"
"dermatologist","West Palm Beach FL",8,"services"
"chiropractor","West Palm Beach FL",8,"services"
"physical therapy","West Palm Beach FL",8,"services"
"urgent care","West Palm Beach FL",8,"services"
"veterinarian","West Palm Beach FL",8,"services"
"hvac","West Palm Beach FL",8,"services"
"air conditioning","West Palm Beach FL",8,"services"
"plumber","West Palm Beach FL",8,"services"
"electrician","West Palm Beach FL",8,"services"
"roofing","West Palm Beach FL",8,"services"
"pest control","West Palm Beach FL",8,"services"
"pool service","West Palm Beach FL",8,"services"
"landscaping","West Palm Beach FL",8,"services"
"lawn care","West Palm Beach FL",8,"services"
"tree service","West Palm Beach FL",8,"services"
"pressure washing","West Palm Beach FL",8,"services"
"garage door","West Palm Beach FL",8,"services"
"fence","West Palm Beach FL",8,"services"
"painting","West Palm Beach FL",8,"services"
"flooring","West Palm Beach FL",8,"services"
"remodeling","West Palm Beach FL",8,"services"
"solar","West Palm Beach FL",8,"services"
"attorney","West Palm Beach FL",8,"services"
"lawyer","West Palm Beach FL",8,"services"
"accountant","West Palm Beach FL",8,"services"
"insurance agent","West Palm Beach FL",8,"services"
"real estate agent","West Palm Beach FL",8,"services"
"realtor","West Palm Beach FL",8,"services"
"mortgage","West Palm Beach FL",8,"services"
"financial advisor","West Palm Beach FL",8,"services"
"restaurant","West Palm Beach FL",8,"services"
"catering","West Palm Beach FL",8,"services"
"gym","West Palm Beach FL",8,"services"
"fitness","West Palm Beach FL",8,"services"
"crossfit","West Palm Beach FL",8,"services"
"martial arts","West Palm Beach FL",8,"services"
"dance studio","West Palm Beach FL",8,"services"
"salon","West Palm Beach FL",8,"services"
"barber","West Palm Beach FL",8,"services"
"spa","West Palm Beach FL",8,"services"
"medical spa","Boca Raton FL",8,"services"
"medspa","Boca Raton FL",8,"services"
"botox","Boca Raton FL",8,"services"
"laser hair removal","Boca Raton FL",8,"services"
"aesthetics","Boca Raton FL",8,"services"
"IV therapy","Boca Raton FL",8,"services"
"weight loss clinic","Boca Raton FL",8,"services"
"hormone therapy","Boca Raton FL",8,"services"
"plastic surgery","Boca Raton FL",8,"services"
"cosmetic dentist","Boca Raton FL",8,"services"
"dermatologist","Boca Raton FL",8,"services"
"chiropractor","Boca Raton FL",8,"services"
"physical therapy","Boca Raton FL",8,"services"
"urgent care","Boca Raton FL",8,"services"
"veterinarian","Boca Raton FL",8,"services"
"hvac","Boca Raton FL",8,"services"
"air conditioning","Boca Raton FL",8,"services"
"plumber","Boca Raton FL",8,"services"
"electrician","Boca Raton FL",8,"services"
"roofing","Boca Raton FL",8,"services"
"pest control","Boca Raton FL",8,"services"
"pool service","Boca Raton FL",8,"services"
"landscaping","Boca Raton FL",8,"services"
"lawn care","Boca Raton FL",8,"services"
"tree service","Boca Raton FL",8,"services"
"pressure washing","Boca Raton FL",8,"services"
"garage door","Boca Raton FL",8,"services"
"fence","Boca Raton FL",8,"services"
"painting","Boca Raton FL",8,"services"
"flooring","Boca Raton FL",8,"services"
"remodeling","Boca Raton FL",8,"services"
"solar","Boca Raton FL",8,"services"
"attorney","Boca Raton FL",8,"services"
"lawyer","Boca Raton FL",8,"services"
"accountant","Boca Raton FL",8,"services"
"insurance agent","Boca Raton FL",8,"services"
"real estate agent","Boca Raton FL",8,"services"
"realtor","Boca Raton FL",8,"services"
"mortgage","Boca Raton FL",8,"services"
"financial advisor","Boca Raton FL",8,"services"
"restaurant","Boca Raton FL",8,"services"
"catering","Boca Raton FL",8,"services"
"gym","Boca Raton FL",8,"services"
"fitness","Boca Raton FL",8,"services"
"crossfit","Boca Raton FL",8,"services"
"martial arts","Boca Raton FL",8,"services"
"dance studio","Boca Raton FL",8,"services"
"salon","Boca Raton FL",8,"services"
"barber","Boca Raton FL",8,"services"
"spa","Boca Raton FL",8,"services"
"medical spa","Pompano Beach FL",8,"services"
"medspa","Pompano Beach FL",8,"services"
"botox","Pompano Beach FL",8,"services"
"laser hair removal","Pompano Beach FL",8,"services"
"aesthetics","Pompano Beach FL",8,"services"
"IV therapy","Pompano Beach FL",8,"services"
"weight loss clinic","Pompano Beach FL",8,"services"
"hormone therapy","Pompano Beach FL",8,"services"
"plastic surgery","Pompano Beach FL",8,"services"
"cosmetic dentist","Pompano Beach FL",8,"services"
"dermatologist","Pompano Beach FL",8,"services"
"chiropractor","Pompano Beach FL",8,"services"
"physical therapy","Pompano Beach FL",8,"services"
"urgent care","Pompano Beach FL",8,"services"
"veterinarian","Pompano Beach FL",8,"services"
"hvac","Pompano Beach FL",8,"services"
"air conditioning","Pompano Beach FL",8,"services"
"plumber","Pompano Beach FL",8,"services"
"electrician","Pompano Beach FL",8,"services"
"roofing","Pompano Beach FL",8,"services"
"pest control","Pompano Beach FL",8,"services"
"pool service","Pompano Beach FL",8,"services"
"landscaping","Pompano Beach FL",8,"services"
"lawn care","Pompano Beach FL",8,"services"
"tree service","Pompano Beach FL",8,"services"
"pressure washing","Pompano Beach FL",8,"services"
"garage door","Pompano Beach FL",8,"services"
"fence","Pompano Beach FL",8,"services"
"painting","Pompano Beach FL",8,"services"
"flooring","Pompano Beach FL",8,"services"
"remodeling","Pompano Beach FL",8,"services"
"solar","Pompano Beach FL",8,"services"
"attorney","Pompano Beach FL",8,"services"
"lawyer","Pompano Beach FL",8,"services"
"accountant","Pompano Beach FL",8,"services"
"insurance agent","Pompano Beach FL",8,"services"
"real estate agent","Pompano Beach FL",8,"services"
"realtor","Pompano Beach FL",8,"services"
"mortgage","Pompano Beach FL",8,"services"
"financial advisor","Pompano Beach FL",8,"services"
"restaurant","Pompano Beach FL",8,"services"
"catering","Pompano Beach FL",8,"services"
"gym","Pompano Beach FL",8,"services"
"fitness","Pompano Beach FL",8,"services"
"crossfit","Pompano Beach FL",8,"services"
"martial arts","Pompano Beach FL",8,"services"
"dance studio","Pompano Beach FL",8,"services"
"salon","Pompano Beach FL",8,"services"
"barber","Pompano Beach FL",8,"services"
"spa","Pompano Beach FL",8,"services"
"medical spa","Hollywood FL FL",8,"services"
"medspa","Hollywood FL FL",8,"services"
"botox","Hollywood FL FL",8,"services"
"laser hair removal","Hollywood FL FL",8,"services"
"aesthetics","Hollywood FL FL",8,"services"
"IV therapy","Hollywood FL FL",8,"services"
"weight loss clinic","Hollywood FL FL",8,"services"
"hormone therapy","Hollywood FL FL",8,"services"
"plastic surgery","Hollywood FL FL",8,"services"
"cosmetic dentist","Hollywood FL FL",8,"services"
"dermatologist","Hollywood FL FL",8,"services"
"chiropractor","Hollywood FL FL",8,"services"
"physical therapy","Hollywood FL FL",8,"services"
"urgent care","Hollywood FL FL",8,"services"
"veterinarian","Hollywood FL FL",8,"services"
"hvac","Hollywood FL FL",8,"services"
"air conditioning","Hollywood FL FL",8,"services"
"plumber","Hollywood FL FL",8,"services"
"electrician","Hollywood FL FL",8,"services"
"roofing","Hollywood FL FL",8,"services"
"pest control","Hollywood FL FL",8,"services"
"pool service","Hollywood FL FL",8,"services"
"landscaping","Hollywood FL FL",8,"services"
"lawn care","Hollywood FL FL",8,"services"
"tree service","Hollywood FL FL",8,"services"
"pressure washing","Hollywood FL FL",8,"services"
"garage door","Hollywood FL FL",8,"services"
"fence","Hollywood FL FL",8,"services"
"painting","Hollywood FL FL",8,"services"
"flooring","Hollywood FL FL",8,"services"
"remodeling","Hollywood FL FL",8,"services"
"solar","Hollywood FL FL",8,"services"
"attorney","Hollywood FL FL",8,"services"
"lawyer","Hollywood FL FL",8,"services"
"accountant","Hollywood FL FL",8,"services"
"insurance agent","Hollywood FL FL",8,"services"
"real estate agent","Hollywood FL FL",8,"services"
"realtor","Hollywood FL FL",8,"services"
"mortgage","Hollywood FL FL",8,"services"
"financial advisor","Hollywood FL FL",8,"services"
"restaurant","Hollywood FL FL",8,"services"
"catering","Hollywood FL FL",8,"services"
"gym","Hollywood FL FL",8,"services"
"fitness","Hollywood FL FL",8,"services"
"crossfit","Hollywood FL FL",8,"services"
"martial arts","Hollywood FL FL",8,"services"
"dance studio","Hollywood FL FL",8,"services"
"salon","Hollywood FL FL",8,"services"
"barber","Hollywood FL FL",8,"services"
"spa","Hollywood FL FL",8,"services"
"medical spa","Sarasota FL",8,"services"
"medspa","Sarasota FL",8,"services"
"botox","Sarasota FL",8,"services"
"laser hair removal","Sarasota FL",8,"services"
"aesthetics","Sarasota FL",8,"services"
"IV therapy","Sarasota FL",8,"services"
"weight loss clinic","Sarasota FL",8,"services"
"hormone therapy","Sarasota FL",8,"services"
"plastic surgery","Sarasota FL",8,"services"
"cosmetic dentist","Sarasota FL",8,"services"
"dermatologist","Sarasota FL",8,"services"
"chiropractor","Sarasota FL",8,"services"
"physical therapy","Sarasota FL",8,"services"
"urgent care","Sarasota FL",8,"services"
"veterinarian","Sarasota FL",8,"services"
"hvac","Sarasota FL",8,"services"
"air conditioning","Sarasota FL",8,"services"
"plumber","Sarasota FL",8,"services"
"electrician","Sarasota FL",8,"services"
"roofing","Sarasota FL",8,"services"
"pest control","Sarasota FL",8,"services"
"pool service","Sarasota FL",8,"services"
"landscaping","Sarasota FL",8,"services"
"lawn care","Sarasota FL",8,"services"
"tree service","Sarasota FL",8,"services"
"pressure washing","Sarasota FL",8,"services"
"garage door","Sarasota FL",8,"services"
"fence","Sarasota FL",8,"services"
"painting","Sarasota FL",8,"services"
"flooring","Sarasota FL",8,"services"
"remodeling","Sarasota FL",8,"services"
"solar","Sarasota FL",8,"services"
"attorney","Sarasota FL",8,"services"
"lawyer","Sarasota FL",8,"services"
"accountant","Sarasota FL",8,"services"
"insurance agent","Sarasota FL",8,"services"
"real estate agent","Sarasota FL",8,"services"
"realtor","Sarasota FL",8,"services"
"mortgage","Sarasota FL",8,"services"
"financial advisor","Sarasota FL",8,"services"
"restaurant","Sarasota FL",8,"services"
"catering","Sarasota FL",8,"services"
"gym","Sarasota FL",8,"services"
"fitness","Sarasota FL",8,"services"
"crossfit","Sarasota FL",8,"services"
"martial arts","Sarasota FL",8,"services"
"dance studio","Sarasota FL",8,"services"
"salon","Sarasota FL",8,"services"
"barber","Sarasota FL",8,"services"
"spa","Sarasota FL",8,"services"
"medical spa","Bradenton FL",8,"services"
"medspa","Bradenton FL",8,"services"
"botox","Bradenton FL",8,"services"
"laser hair removal","Bradenton FL",8,"services"
"aesthetics","Bradenton FL",8,"services"
"IV therapy","Bradenton FL",8,"services"
"weight loss clinic","Bradenton FL",8,"services"
"hormone therapy","Bradenton FL",8,"services"
"plastic surgery","Bradenton FL",8,"services"
"cosmetic dentist","Bradenton FL",8,"services"
"dermatologist","Bradenton FL",8,"services"
"chiropractor","Bradenton FL",8,"services"
"physical therapy","Bradenton FL",8,"services"
"urgent care","Bradenton FL",8,"services"
"veterinarian","Bradenton FL",8,"services"
"hvac","Bradenton FL",8,"services"
"air conditioning","Bradenton FL",8,"services"
"plumber","Bradenton FL",8,"services"
"electrician","Bradenton FL",8,"services"
"roofing","Bradenton FL",8,"services"
"pest control","Bradenton FL",8,"services"
"pool service","Bradenton FL",8,"services"
"landscaping","Bradenton FL",8,"services"
"lawn care","Bradenton FL",8,"services"
"tree service","Bradenton FL",8,"services"
"pressure washing","Bradenton FL",8,"services"
"garage door","Bradenton FL",8,"services"
"fence","Bradenton FL",8,"services"
"painting","Bradenton FL",8,"services"
"flooring","Bradenton FL",8,"services"
"remodeling","Bradenton FL",8,"services"
"solar","Bradenton FL",8,"services"
"attorney","Bradenton FL",8,"services"
"lawyer","Bradenton FL",8,"services"
"accountant","Bradenton FL",8,"services"
"insurance agent","Bradenton FL",8,"services"
"real estate agent","Bradenton FL",8,"services"
"realtor","Bradenton FL",8,"services"
"mortgage","Bradenton FL",8,"services"
"financial advisor","Bradenton FL",8,"services"
"restaurant","Bradenton FL",8,"services"
"catering","Bradenton FL",8,"services"
"gym","Bradenton FL",8,"services"
"fitness","Bradenton FL",8,"services"
"crossfit","Bradenton FL",8,"services"
"martial arts","Bradenton FL",8,"services"
"dance studio","Bradenton FL",8,"services"
"salon","Bradenton FL",8,"services"
"barber","Bradenton FL",8,"services"
"spa","Bradenton FL",8,"services"
"medical spa","Naples FL",8,"services"
"medspa","Naples FL",8,"services"
"botox","Naples FL",8,"services"
"laser hair removal","Naples FL",8,"services"
"aesthetics","Naples FL",8,"services"
"IV therapy","Naples FL",8,"services"
"weight loss clinic","Naples FL",8,"services"
"hormone therapy","Naples FL",8,"services"
"plastic surgery","Naples FL",8,"services"
"cosmetic dentist","Naples FL",8,"services"
"dermatologist","Naples FL",8,"services"
"chiropractor","Naples FL",8,"services"
"physical therapy","Naples FL",8,"services"
"urgent care","Naples FL",8,"services"
"veterinarian","Naples FL",8,"services"
"hvac","Naples FL",8,"services"
"air conditioning","Naples FL",8,"services"
"plumber","Naples FL",8,"services"
"electrician","Naples FL",8,"services"
"roofing","Naples FL",8,"services"
"pest control","Naples FL",8,"services"
"pool service","Naples FL",8,"services"
"landscaping","Naples FL",8,"services"
"lawn care","Naples FL",8,"services"
"tree service","Naples FL",8,"services"
"pressure washing","Naples FL",8,"services"
"garage door","Naples FL",8,"services"
"fence","Naples FL",8,"services"
"painting","Naples FL",8,"services"
"flooring","Naples FL",8,"services"
"remodeling","Naples FL",8,"services"
"solar","Naples FL",8,"services"
"attorney","Naples FL",8,"services"
"lawyer","Naples FL",8,"services"
"accountant","Naples FL",8,"services"
"insurance agent","Naples FL",8,"services"
"real estate agent","Naples FL",8,"services"
"realtor","Naples FL",8,"services"
"mortgage","Naples FL",8,"services"
"financial advisor","Naples FL",8,"services"
"restaurant","Naples FL",8,"services"
"catering","Naples FL",8,"services"
"gym","Naples FL",8,"services"
"fitness","Naples FL",8,"services"
"crossfit","Naples FL",8,"services"
"martial arts","Naples FL",8,"services"
"dance studio","Naples FL",8,"services"
"salon","Naples FL",8,"services"
"barber","Naples FL",8,"services"
"spa","Naples FL",8,"services"
"medical spa","Fort Myers FL",8,"services"
"medspa","Fort Myers FL",8,"services"
"botox","Fort Myers FL",8,"services"
"laser hair removal","Fort Myers FL",8,"services"
"aesthetics","Fort Myers FL",8,"services"
"IV therapy","Fort Myers FL",8,"services"
"weight loss clinic","Fort Myers FL",8,"services"
"hormone therapy","Fort Myers FL",8,"services"
"plastic surgery","Fort Myers FL",8,"services"
"cosmetic dentist","Fort Myers FL",8,"services"
"dermatologist","Fort Myers FL",8,"services"
"chiropractor","Fort Myers FL",8,"services"
"physical therapy","Fort Myers FL",8,"services"
"urgent care","Fort Myers FL",8,"services"
"veterinarian","Fort Myers FL",8,"services"
"hvac","Fort Myers FL",8,"services"
"air conditioning","Fort Myers FL",8,"services"
"plumber","Fort Myers FL",8,"services"
"electrician","Fort Myers FL",8,"services"
"roofing","Fort Myers FL",8,"services"
"pest control","Fort Myers FL",8,"services"
"pool service","Fort Myers FL",8,"services"
"landscaping","Fort Myers FL",8,"services"
"lawn care","Fort Myers FL",8,"services"
"tree service","Fort Myers FL",8,"services"
"pressure washing","Fort Myers FL",8,"services"
"garage door","Fort Myers FL",8,"services"
"fence","Fort Myers FL",8,"services"
"painting","Fort Myers FL",8,"services"
"flooring","Fort Myers FL",8,"services"
"remodeling","Fort Myers FL",8,"services"
"solar","Fort Myers FL",8,"services"
"attorney","Fort Myers FL",8,"services"
"lawyer","Fort Myers FL",8,"services"
"accountant","Fort Myers FL",8,"services"
"insurance agent","Fort Myers FL",8,"services"
"real estate agent","Fort Myers FL",8,"services"
"realtor","Fort Myers FL",8,"services"
"mortgage","Fort Myers FL",8,"services"
"financial advisor","Fort Myers FL",8,"services"
"restaurant","Fort Myers FL",8,"services"
"catering","Fort Myers FL",8,"services"
"gym","Fort Myers FL",8,"services"
"fitness","Fort Myers FL",8,"services"
"crossfit","Fort Myers FL",8,"services"
"martial arts","Fort Myers FL",8,"services"
"dance studio","Fort Myers FL",8,"services"
"salon","Fort Myers FL",8,"services"
"barber","Fort Myers FL",8,"services"
"spa","Fort Myers FL",8,"services"
"medical spa","Cape Coral FL",8,"services"
"medspa","Cape Coral FL",8,"services"
"botox","Cape Coral FL",8,"services"
"laser hair removal","Cape Coral FL",8,"services"
"aesthetics","Cape Coral FL",8,"services"
"IV therapy","Cape Coral FL",8,"services"
"weight loss clinic","Cape Coral FL",8,"services"
"hormone therapy","Cape Coral FL",8,"services"
"plastic surgery","Cape Coral FL",8,"services"
"cosmetic dentist","Cape Coral FL",8,"services"
"dermatologist","Cape Coral FL",8,"services"
"chiropractor","Cape Coral FL",8,"services"
"physical therapy","Cape Coral FL",8,"services"
"urgent care","Cape Coral FL",8,"services"
"veterinarian","Cape Coral FL",8,"services"
"hvac","Cape Coral FL",8,"services"
"air conditioning","Cape Coral FL",8,"services"
"plumber","Cape Coral FL",8,"services"
"electrician","Cape Coral FL",8,"services"
"roofing","Cape Coral FL",8,"services"
"pest control","Cape Coral FL",8,"services"
"pool service","Cape Coral FL",8,"services"
"landscaping","Cape Coral FL",8,"services"
"lawn care","Cape Coral FL",8,"services"
"tree service","Cape Coral FL",8,"services"
"pressure washing","Cape Coral FL",8,"services"
"garage door","Cape Coral FL",8,"services"
"fence","Cape Coral FL",8,"services"
"painting","Cape Coral FL",8,"services"
"flooring","Cape Coral FL",8,"services"
"remodeling","Cape Coral FL",8,"services"
"solar","Cape Coral FL",8,"services"
"attorney","Cape Coral FL",8,"services"
"lawyer","Cape Coral FL",8,"services"
"accountant","Cape Coral FL",8,"services"
"insurance agent","Cape Coral FL",8,"services"
"real estate agent","Cape Coral FL",8,"services"
"realtor","Cape Coral FL",8,"services"
"mortgage","Cape Coral FL",8,"services"
"financial advisor","Cape Coral FL",8,"services"
"restaurant","Cape Coral FL",8,"services"
"catering","Cape Coral FL",8,"services"
"gym","Cape Coral FL",8,"services"
"fitness","Cape Coral FL",8,"services"
"crossfit","Cape Coral FL",8,"services"
"martial arts","Cape Coral FL",8,"services"
"dance studio","Cape Coral FL",8,"services"
"salon","Cape Coral FL",8,"services"
"barber","Cape Coral FL",8,"services"
"spa","Cape Coral FL",8,"services"
"medical spa","Port Charlotte FL",8,"services"
"medspa","Port Charlotte FL",8,"services"
"botox","Port Charlotte FL",8,"services"
"laser hair removal","Port Charlotte FL",8,"services"
"aesthetics","Port Charlotte FL",8,"services"
"IV therapy","Port Charlotte FL",8,"services"
"weight loss clinic","Port Charlotte FL",8,"services"
"hormone therapy","Port Charlotte FL",8,"services"
"plastic surgery","Port Charlotte FL",8,"services"
"cosmetic dentist","Port Charlotte FL",8,"services"
"dermatologist","Port Charlotte FL",8,"services"
"chiropractor","Port Charlotte FL",8,"services"
"physical therapy","Port Charlotte FL",8,"services"
"urgent care","Port Charlotte FL",8,"services"
"veterinarian","Port Charlotte FL",8,"services"
"hvac","Port Charlotte FL",8,"services"
"air conditioning","Port Charlotte FL",8,"services"
"plumber","Port Charlotte FL",8,"services"
"electrician","Port Charlotte FL",8,"services"
"roofing","Port Charlotte FL",8,"services"
"pest control","Port Charlotte FL",8,"services"
"pool service","Port Charlotte FL",8,"services"
"landscaping","Port Charlotte FL",8,"services"
"lawn care","Port Charlotte FL",8,"services"
"tree service","Port Charlotte FL",8,"services"
"pressure washing","Port Charlotte FL",8,"services"
"garage door","Port Charlotte FL",8,"services"
"fence","Port Charlotte FL",8,"services"
"painting","Port Charlotte FL",8,"services"
"flooring","Port Charlotte FL",8,"services"
"remodeling","Port Charlotte FL",8,"services"
"solar","Port Charlotte FL",8,"services"
"attorney","Port Charlotte FL",8,"services"
"lawyer","Port Charlotte FL",8,"services"
"accountant","Port Charlotte FL",8,"services"
"insurance agent","Port Charlotte FL",8,"services"
"real estate agent","Port Charlotte FL",8,"services"
"realtor","Port Charlotte FL",8,"services"
"mortgage","Port Charlotte FL",8,"services"
"financial advisor","Port Charlotte FL",8,"services"
"restaurant","Port Charlotte FL",8,"services"
"catering","Port Charlotte FL",8,"services"
"gym","Port Charlotte FL",8,"services"
"fitness","Port Charlotte FL",8,"services"
"crossfit","Port Charlotte FL",8,"services"
"martial arts","Port Charlotte FL",8,"services"
"dance studio","Port Charlotte FL",8,"services"
"salon","Port Charlotte FL",8,"services"
"barber","Port Charlotte FL",8,"services"
"spa","Port Charlotte FL",8,"services"
"medical spa","Jacksonville FL",8,"services"
"medspa","Jacksonville FL",8,"services"
"botox","Jacksonville FL",8,"services"
"laser hair removal","Jacksonville FL",8,"services"
"aesthetics","Jacksonville FL",8,"services"
"IV therapy","Jacksonville FL",8,"services"
"weight loss clinic","Jacksonville FL",8,"services"
"hormone therapy","Jacksonville FL",8,"services"
"plastic surgery","Jacksonville FL",8,"services"
"cosmetic dentist","Jacksonville FL",8,"services"
"dermatologist","Jacksonville FL",8,"services"
"chiropractor","Jacksonville FL",8,"services"
"physical therapy","Jacksonville FL",8,"services"
"urgent care","Jacksonville FL",8,"services"
"veterinarian","Jacksonville FL",8,"services"
"hvac","Jacksonville FL",8,"services"
"air conditioning","Jacksonville FL",8,"services"
"plumber","Jacksonville FL",8,"services"
"electrician","Jacksonville FL",8,"services"
"roofing","Jacksonville FL",8,"services"
"pest control","Jacksonville FL",8,"services"
"pool service","Jacksonville FL",8,"services"
"landscaping","Jacksonville FL",8,"services"
"lawn care","Jacksonville FL",8,"services"
"tree service","Jacksonville FL",8,"services"
"pressure washing","Jacksonville FL",8,"services"
"garage door","Jacksonville FL",8,"services"
"fence","Jacksonville FL",8,"services"
"painting","Jacksonville FL",8,"services"
"flooring","Jacksonville FL",8,"services"
"remodeling","Jacksonville FL",8,"services"
"solar","Jacksonville FL",8,"services"
"attorney","Jacksonville FL",8,"services"
"lawyer","Jacksonville FL",8,"services"
"accountant","Jacksonville FL",8,"services"
"insurance agent","Jacksonville FL",8,"services"
"real estate agent","Jacksonville FL",8,"services"
"realtor","Jacksonville FL",8,"services"
"mortgage","Jacksonville FL",8,"services"
"financial advisor","Jacksonville FL",8,"services"
"restaurant","Jacksonville FL",8,"services"
"catering","Jacksonville FL",8,"services"
"gym","Jacksonville FL",8,"services"
"fitness","Jacksonville FL",8,"services"
"crossfit","Jacksonville FL",8,"services"
"martial arts","Jacksonville FL",8,"services"
"dance studio","Jacksonville FL",8,"services"
"salon","Jacksonville FL",8,"services"
"barber","Jacksonville FL",8,"services"
"spa","Jacksonville FL",8,"services"
"medical spa","St Augustine FL",8,"services"
"medspa","St Augustine FL",8,"services"
"botox","St Augustine FL",8,"services"
"laser hair removal","St Augustine FL",8,"services"
"aesthetics","St Augustine FL",8,"services"
"IV therapy","St Augustine FL",8,"services"
"weight loss clinic","St Augustine FL",8,"services"
"hormone therapy","St Augustine FL",8,"services"
"plastic surgery","St Augustine FL",8,"services"
"cosmetic dentist","St Augustine FL",8,"services"
"dermatologist","St Augustine FL",8,"services"
"chiropractor","St Augustine FL",8,"services"
"physical therapy","St Augustine FL",8,"services"
"urgent care","St Augustine FL",8,"services"
"veterinarian","St Augustine FL",8,"services"
"hvac","St Augustine FL",8,"services"
"air conditioning","St Augustine FL",8,"services"
"plumber","St Augustine FL",8,"services"
"electrician","St Augustine FL",8,"services"
"roofing","St Augustine FL",8,"services"
"pest control","St Augustine FL",8,"services"
"pool service","St Augustine FL",8,"services"
"landscaping","St Augustine FL",8,"services"
"lawn care","St Augustine FL",8,"services"
"tree service","St Augustine FL",8,"services"
"pressure washing","St Augustine FL",8,"services"
"garage door","St Augustine FL",8,"services"
"fence","St Augustine FL",8,"services"
"painting","St Augustine FL",8,"services"
"flooring","St Augustine FL",8,"services"
"remodeling","St Augustine FL",8,"services"
"solar","St Augustine FL",8,"services"
"attorney","St Augustine FL",8,"services"
"lawyer","St Augustine FL",8,"services"
"accountant","St Augustine FL",8,"services"
"insurance agent","St Augustine FL",8,"services"
"real estate agent","St Augustine FL",8,"services"
"realtor","St Augustine FL",8,"services"
"mortgage","St Augustine FL",8,"services"
"financial advisor","St Augustine FL",8,"services"
"restaurant","St Augustine FL",8,"services"
"catering","St Augustine FL",8,"services"
"gym","St Augustine FL",8,"services"
"fitness","St Augustine FL",8,"services"
"crossfit","St Augustine FL",8,"services"
"martial arts","St Augustine FL",8,"services"
"dance studio","St Augustine FL",8,"services"
"salon","St Augustine FL",8,"services"
"barber","St Augustine FL",8,"services"
"spa","St Augustine FL",8,"services"
"medical spa","Tallahassee FL",8,"services"
"medspa","Tallahassee FL",8,"services"
"botox","Tallahassee FL",8,"services"
"laser hair removal","Tallahassee FL",8,"services"
"aesthetics","Tallahassee FL",8,"services"
"IV therapy","Tallahassee FL",8,"services"
"weight loss clinic","Tallahassee FL",8,"services"
"hormone therapy","Tallahassee FL",8,"services"
"plastic surgery","Tallahassee FL",8,"services"
"cosmetic dentist","Tallahassee FL",8,"services"
"dermatologist","Tallahassee FL",8,"services"
"chiropractor","Tallahassee FL",8,"services"
"physical therapy","Tallahassee FL",8,"services"
"urgent care","Tallahassee FL",8,"services"
"veterinarian","Tallahassee FL",8,"services"
"hvac","Tallahassee FL",8,"services"
"air conditioning","Tallahassee FL",8,"services"
"plumber","Tallahassee FL",8,"services"
"electrician","Tallahassee FL",8,"services"
"roofing","Tallahassee FL",8,"services"
"pest control","Tallahassee FL",8,"services"
"pool service","Tallahassee FL",8,"services"
"landscaping","Tallahassee FL",8,"services"
"lawn care","Tallahassee FL",8,"services"
"tree service","Tallahassee FL",8,"services"
"pressure washing","Tallahassee FL",8,"services"
"garage door","Tallahassee FL",8,"services"
"fence","Tallahassee FL",8,"services"
"painting","Tallahassee FL",8,"services"
"flooring","Tallahassee FL",8,"services"
"remodeling","Tallahassee FL",8,"services"
"solar","Tallahassee FL",8,"services"
"attorney","Tallahassee FL",8,"services"
"lawyer","Tallahassee FL",8,"services"
"accountant","Tallahassee FL",8,"services"
"insurance agent","Tallahassee FL",8,"services"
"real estate agent","Tallahassee FL",8,"services"
"realtor","Tallahassee FL",8,"services"
"mortgage","Tallahassee FL",8,"services"
"financial advisor","Tallahassee FL",8,"services"
"restaurant","Tallahassee FL",8,"services"
"catering","Tallahassee FL",8,"services"
"gym","Tallahassee FL",8,"services"
"fitness","Tallahassee FL",8,"services"
"crossfit","Tallahassee FL",8,"services"
"martial arts","Tallahassee FL",8,"services"
"dance studio","Tallahassee FL",8,"services"
"salon","Tallahassee FL",8,"services"
"barber","Tallahassee FL",8,"services"
"spa","Tallahassee FL",8,"services"
"medical spa","Pensacola FL",8,"services"
"medspa","Pensacola FL",8,"services"
"botox","Pensacola FL",8,"services"
"laser hair removal","Pensacola FL",8,"services"
"aesthetics","Pensacola FL",8,"services"
"IV therapy","Pensacola FL",8,"services"
"weight loss clinic","Pensacola FL",8,"services"
"hormone therapy","Pensacola FL",8,"services"
"plastic surgery","Pensacola FL",8,"services"
"cosmetic dentist","Pensacola FL",8,"services"
"dermatologist","Pensacola FL",8,"services"
"chiropractor","Pensacola FL",8,"services"
"physical therapy","Pensacola FL",8,"services"
"urgent care","Pensacola FL",8,"services"
"veterinarian","Pensacola FL",8,"services"
"hvac","Pensacola FL",8,"services"
"air conditioning","Pensacola FL",8,"services"
"plumber","Pensacola FL",8,"services"
"electrician","Pensacola FL",8,"services"
"roofing","Pensacola FL",8,"services"
"pest control","Pensacola FL",8,"services"
"pool service","Pensacola FL",8,"services"
"landscaping","Pensacola FL",8,"services"
"lawn care","Pensacola FL",8,"services"
"tree service","Pensacola FL",8,"services"
"pressure washing","Pensacola FL",8,"services"
"garage door","Pensacola FL",8,"services"
"fence","Pensacola FL",8,"services"
"painting","Pensacola FL",8,"services"
"flooring","Pensacola FL",8,"services"
"remodeling","Pensacola FL",8,"services"
"solar","Pensacola FL",8,"services"
"attorney","Pensacola FL",8,"services"
"lawyer","Pensacola FL",8,"services"
"accountant","Pensacola FL",8,"services"
"insurance agent","Pensacola FL",8,"services"
"real estate agent","Pensacola FL",8,"services"
"realtor","Pensacola FL",8,"services"
"mortgage","Pensacola FL",8,"services"
"financial advisor","Pensacola FL",8,"services"
"restaurant","Pensacola FL",8,"services"
"catering","Pensacola FL",8,"services"
"gym","Pensacola FL",8,"services"
"fitness","Pensacola FL",8,"services"
"crossfit","Pensacola FL",8,"services"
"martial arts","Pensacola FL",8,"services"
"dance studio","Pensacola FL",8,"services"
"salon","Pensacola FL",8,"services"
"barber","Pensacola FL",8,"services"
"spa","Pensacola FL",8,"services"
"medical spa","Panama City FL",8,"services"
"medspa","Panama City FL",8,"services"
"botox","Panama City FL",8,"services"
"laser hair removal","Panama City FL",8,"services"
"aesthetics","Panama City FL",8,"services"
"IV therapy","Panama City FL",8,"services"
"weight loss clinic","Panama City FL",8,"services"
"hormone therapy","Panama City FL",8,"services"
"plastic surgery","Panama City FL",8,"services"
"cosmetic dentist","Panama City FL",8,"services"
"dermatologist","Panama City FL",8,"services"
"chiropractor","Panama City FL",8,"services"
"physical therapy","Panama City FL",8,"services"
"urgent care","Panama City FL",8,"services"
"veterinarian","Panama City FL",8,"services"
"hvac","Panama City FL",8,"services"
"air conditioning","Panama City FL",8,"services"
"plumber","Panama City FL",8,"services"
"electrician","Panama City FL",8,"services"
"roofing","Panama City FL",8,"services"
"pest control","Panama City FL",8,"services"
"pool service","Panama City FL",8,"services"
"landscaping","Panama City FL",8,"services"
"lawn care","Panama City FL",8,"services"
"tree service","Panama City FL",8,"services"
"pressure washing","Panama City FL",8,"services"
"garage door","Panama City FL",8,"services"
"fence","Panama City FL",8,"services"
"painting","Panama City FL",8,"services"
"flooring","Panama City FL",8,"services"
"remodeling","Panama City FL",8,"services"
"solar","Panama City FL",8,"services"
"attorney","Panama City FL",8,"services"
"lawyer","Panama City FL",8,"services"
"accountant","Panama City FL",8,"services"
"insurance agent","Panama City FL",8,"services"
"real estate agent","Panama City FL",8,"services"
"realtor","Panama City FL",8,"services"
"mortgage","Panama City FL",8,"services"
"financial advisor","Panama City FL",8,"services"
"restaurant","Panama City FL",8,"services"
"catering","Panama City FL",8,"services"
"gym","Panama City FL",8,"services"
"fitness","Panama City FL",8,"services"
"crossfit","Panama City FL",8,"services"
"martial arts","Panama City FL",8,"services"
"dance studio","Panama City FL",8,"services"
"salon","Panama City FL",8,"services"
"barber","Panama City FL",8,"services"
"spa","Panama City FL",8,"services"
"medical spa","Melbourne FL FL",8,"services"
"medspa","Melbourne FL FL",8,"services"
"botox","Melbourne FL FL",8,"services"
"laser hair removal","Melbourne FL FL",8,"services"
"aesthetics","Melbourne FL FL",8,"services"
"IV therapy","Melbourne FL FL",8,"services"
"weight loss clinic","Melbourne FL FL",8,"services"
"hormone therapy","Melbourne FL FL",8,"services"
"plastic surgery","Melbourne FL FL",8,"services"
"cosmetic dentist","Melbourne FL FL",8,"services"
"dermatologist","Melbourne FL FL",8,"services"
"chiropractor","Melbourne FL FL",8,"services"
"physical therapy","Melbourne FL FL",8,"services"
"urgent care","Melbourne FL FL",8,"services"
"veterinarian","Melbourne FL FL",8,"services"
"hvac","Melbourne FL FL",8,"services"
"air conditioning","Melbourne FL FL",8,"services"
"plumber","Melbourne FL FL",8,"services"
"electrician","Melbourne FL FL",8,"services"
"roofing","Melbourne FL FL",8,"services"
"pest control","Melbourne FL FL",8,"services"
"pool service","Melbourne FL FL",8,"services"
"landscaping","Melbourne FL FL",8,"services"
"lawn care","Melbourne FL FL",8,"services"
"tree service","Melbourne FL FL",8,"services"
"pressure washing","Melbourne FL FL",8,"services"
"garage door","Melbourne FL FL",8,"services"
"fence","Melbourne FL FL",8,"services"
"painting","Melbourne FL FL",8,"services"
"flooring","Melbourne FL FL",8,"services"
"remodeling","Melbourne FL FL",8,"services"
"solar","Melbourne FL FL",8,"services"
"attorney","Melbourne FL FL",8,"services"
"lawyer","Melbourne FL FL",8,"services"
"accountant","Melbourne FL FL",8,"services"
"insurance agent","Melbourne FL FL",8,"services"
"real estate agent","Melbourne FL FL",8,"services"
"realtor","Melbourne FL FL",8,"services"
"mortgage","Melbourne FL FL",8,"services"
"financial advisor","Melbourne FL FL",8,"services"
"restaurant","Melbourne FL FL",8,"services"
"catering","Melbourne FL FL",8,"services"
"gym","Melbourne FL FL",8,"services"
"fitness","Melbourne FL FL",8,"services"
"crossfit","Melbourne FL FL",8,"services"
"martial arts","Melbourne FL FL",8,"services"
"dance studio","Melbourne FL FL",8,"services"
"salon","Melbourne FL FL",8,"services"
"barber","Melbourne FL FL",8,"services"
"spa","Melbourne FL FL",8,"services"
"medical spa","Palm Bay FL",8,"services"
"medspa","Palm Bay FL",8,"services"
"botox","Palm Bay FL",8,"services"
"laser hair removal","Palm Bay FL",8,"services"
"aesthetics","Palm Bay FL",8,"services"
"IV therapy","Palm Bay FL",8,"services"
"weight loss clinic","Palm Bay FL",8,"services"
"hormone therapy","Palm Bay FL",8,"services"
"plastic surgery","Palm Bay FL",8,"services"
"cosmetic dentist","Palm Bay FL",8,"services"
"dermatologist","Palm Bay FL",8,"services"
"chiropractor","Palm Bay FL",8,"services"
"physical therapy","Palm Bay FL",8,"services"
"urgent care","Palm Bay FL",8,"services"
"veterinarian","Palm Bay FL",8,"services"
"hvac","Palm Bay FL",8,"services"
"air conditioning","Palm Bay FL",8,"services"
"plumber","Palm Bay FL",8,"services"
"electrician","Palm Bay FL",8,"services"
"roofing","Palm Bay FL",8,"services"
"pest control","Palm Bay FL",8,"services"
"pool service","Palm Bay FL",8,"services"
"landscaping","Palm Bay FL",8,"services"
"lawn care","Palm Bay FL",8,"services"
"tree service","Palm Bay FL",8,"services"
"pressure washing","Palm Bay FL",8,"services"
"garage door","Palm Bay FL",8,"services"
"fence","Palm Bay FL",8,"services"
"painting","Palm Bay FL",8,"services"
"flooring","Palm Bay FL",8,"services"
"remodeling","Palm Bay FL",8,"services"
"solar","Palm Bay FL",8,"services"
"attorney","Palm Bay FL",8,"services"
"lawyer","Palm Bay FL",8,"services"
"accountant","Palm Bay FL",8,"services"
"insurance agent","Palm Bay FL",8,"services"
"real estate agent","Palm Bay FL",8,"services"
"realtor","Palm Bay FL",8,"services"
"mortgage","Palm Bay FL",8,"services"
"financial advisor","Palm Bay FL",8,"services"
"restaurant","Palm Bay FL",8,"services"
"catering","Palm Bay FL",8,"services"
"gym","Palm Bay FL",8,"services"
"fitness","Palm Bay FL",8,"services"
"crossfit","Palm Bay FL",8,"services"
"martial arts","Palm Bay FL",8,"services"
"dance studio","Palm Bay FL",8,"services"
"salon","Palm Bay FL",8,"services"
"barber","Palm Bay FL",8,"services"
"spa","Palm Bay FL",8,"services"
"medical spa","Titusville FL",8,"services"
"medspa","Titusville FL",8,"services"
"botox","Titusville FL",8,"services"
"laser hair removal","Titusville FL",8,"services"
"aesthetics","Titusville FL",8,"services"
"IV therapy","Titusville FL",8,"services"
"weight loss clinic","Titusville FL",8,"services"
"hormone therapy","Titusville FL",8,"services"
"plastic surgery","Titusville FL",8,"services"
"cosmetic dentist","Titusville FL",8,"services"
"dermatologist","Titusville FL",8,"services"
"chiropractor","Titusville FL",8,"services"
"physical therapy","Titusville FL",8,"services"
"urgent care","Titusville FL",8,"services"
"veterinarian","Titusville FL",8,"services"
"hvac","Titusville FL",8,"services"
"air conditioning","Titusville FL",8,"services"
"plumber","Titusville FL",8,"services"
"electrician","Titusville FL",8,"services"
"roofing","Titusville FL",8,"services"
"pest control","Titusville FL",8,"services"
"pool service","Titusville FL",8,"services"
"landscaping","Titusville FL",8,"services"
"lawn care","Titusville FL",8,"services"
"tree service","Titusville FL",8,"services"
"pressure washing","Titusville FL",8,"services"
"garage door","Titusville FL",8,"services"
"fence","Titusville FL",8,"services"
"painting","Titusville FL",8,"services"
"flooring","Titusville FL",8,"services"
"remodeling","Titusville FL",8,"services"
"solar","Titusville FL",8,"services"
"attorney","Titusville FL",8,"services"
"lawyer","Titusville FL",8,"services"
"accountant","Titusville FL",8,"services"
"insurance agent","Titusville FL",8,"services"
"real estate agent","Titusville FL",8,"services"
"realtor","Titusville FL",8,"services"
"mortgage","Titusville FL",8,"services"
"financial advisor","Titusville FL",8,"services"
"restaurant","Titusville FL",8,"services"
"catering","Titusville FL",8,"services"
"gym","Titusville FL",8,"services"
"fitness","Titusville FL",8,"services"
"crossfit","Titusville FL",8,"services"
"martial arts","Titusville FL",8,"services"
"dance studio","Titusville FL",8,"services"
"salon","Titusville FL",8,"services"
"barber","Titusville FL",8,"services"
"spa","Titusville FL",8,"services"
"medical spa","Cocoa Beach FL",8,"services"
"medspa","Cocoa Beach FL",8,"services"
"botox","Cocoa Beach FL",8,"services"
"laser hair removal","Cocoa Beach FL",8,"services"
"aesthetics","Cocoa Beach FL",8,"services"
"IV therapy","Cocoa Beach FL",8,"services"
"weight loss clinic","Cocoa Beach FL",8,"services"
"hormone therapy","Cocoa Beach FL",8,"services"
"plastic surgery","Cocoa Beach FL",8,"services"
"cosmetic dentist","Cocoa Beach FL",8,"services"
"dermatologist","Cocoa Beach FL",8,"services"
"chiropractor","Cocoa Beach FL",8,"services"
"physical therapy","Cocoa Beach FL",8,"services"
"urgent care","Cocoa Beach FL",8,"services"
"veterinarian","Cocoa Beach FL",8,"services"
"hvac","Cocoa Beach FL",8,"services"
"air conditioning","Cocoa Beach FL",8,"services"
"plumber","Cocoa Beach FL",8,"services"
"electrician","Cocoa Beach FL",8,"services"
"roofing","Cocoa Beach FL",8,"services"
"pest control","Cocoa Beach FL",8,"services"
"pool service","Cocoa Beach FL",8,"services"
"landscaping","Cocoa Beach FL",8,"services"
"lawn care","Cocoa Beach FL",8,"services"
"tree service","Cocoa Beach FL",8,"services"
"pressure washing","Cocoa Beach FL",8,"services"
"garage door","Cocoa Beach FL",8,"services"
"fence","Cocoa Beach FL",8,"services"
"painting","Cocoa Beach FL",8,"services"
"flooring","Cocoa Beach FL",8,"services"
"remodeling","Cocoa Beach FL",8,"services"
"solar","Cocoa Beach FL",8,"services"
"attorney","Cocoa Beach FL",8,"services"
"lawyer","Cocoa Beach FL",8,"services"
"accountant","Cocoa Beach FL",8,"services"
"insurance agent","Cocoa Beach FL",8,"services"
"real estate agent","Cocoa Beach FL",8,"services"
"realtor","Cocoa Beach FL",8,"services"
"mortgage","Cocoa Beach FL",8,"services"
"financial advisor","Cocoa Beach FL",8,"services"
"restaurant","Cocoa Beach FL",8,"services"
"catering","Cocoa Beach FL",8,"services"
"gym","Cocoa Beach FL",8,"services"
"fitness","Cocoa Beach FL",8,"services"
"crossfit","Cocoa Beach FL",8,"services"
"martial arts","Cocoa Beach FL",8,"services"
"dance studio","Cocoa Beach FL",8,"services"
"salon","Cocoa Beach FL",8,"services"
"barber","Cocoa Beach FL",8,"services"
"spa","Cocoa Beach FL",8,"services"